Kunde;Vertriebsgebiet;Jahr;Umsatz_EUR
Altmoor Versicherung;Süd;2023;164463
Altmoor Versicherung;Süd;2024;164674
Altmoor Versicherung;Süd;2025;162357
Brenkhof Versicherung;West;2023;92376
Brenkhof Versicherung;West;2024;95212
Brenkhof Versicherung;West;2025;99516
Corvelt Versicherung;Nord;2023;85295
Corvelt Versicherung;Nord;2024;85304
Corvelt Versicherung;Nord;2025;83232
Elmsried Versicherung;Süd;2023;75153
Elmsried Versicherung;Süd;2024;73767
Elmsried Versicherung;Süd;2025;74290
Dahlwerth Versicherung;West;2023;61544
Dahlwerth Versicherung;West;2024;61359
Dahlwerth Versicherung;West;2025;74810
Gerwald Versicherung;Süd;2023;58369
Gerwald Versicherung;Süd;2024;55128
Gerwald Versicherung;Süd;2025;55637
Fennrath Versicherung;Süd;2023;54424
Fennrath Versicherung;Süd;2024;55075
Fennrath Versicherung;Süd;2025;58943
Ilvershof Versicherung;Süd;2023;46268
Ilvershof Versicherung;Süd;2024;48854
Ilvershof Versicherung;Süd;2025;48233
Holmbach Leben;Nord;2023;48936
Holmbach Leben;Nord;2024;48302
Holmbach Leben;Nord;2025;52128
Jarnstedt Versicherung;West;2023;45300
Jarnstedt Versicherung;West;2024;46650
Jarnstedt Versicherung;West;2025;34402
Kellwitz Versicherung;Ost;2023;13368
Kellwitz Versicherung;Ost;2024;12490
Kellwitz Versicherung;Ost;2025;12419
Lorvenich Versicherung;West;2023;20394
Lorvenich Versicherung;West;2024;18451
Lorvenich Versicherung;West;2025;18437
Merzbach Leben;Süd;2023;26852
Merzbach Leben;Süd;2024;27538
Merzbach Leben;Süd;2025;29367
Nordhaver Versicherung;Nord;2023;6411
Nordhaver Versicherung;Nord;2024;6868
Nordhaver Versicherung;Nord;2025;7122
Orlenkamp Versicherung;Nord;2023;14872
Orlenkamp Versicherung;Nord;2024;15862
Orlenkamp Versicherung;Nord;2025;17614
Pellworth Versicherung;Nord;2023;10495
Pellworth Versicherung;Nord;2024;9623
Pellworth Versicherung;Nord;2025;9381
Quernbach Versicherung;Ost;2023;12118
Quernbach Versicherung;Ost;2024;12069
Quernbach Versicherung;Ost;2025;12492
Rautenfels Versicherung;Süd;2023;16749
Rautenfels Versicherung;Süd;2024;15727
Rautenfels Versicherung;Süd;2025;15525
Selmbruch Versicherung;West;2023;28922
Selmbruch Versicherung;West;2024;31234
Selmbruch Versicherung;West;2025;32310
Tollberg Versicherung;Ost;2023;10225
Tollberg Versicherung;Ost;2024;9555
Tollberg Versicherung;Ost;2025;9271
Ulmenau Leben;Ost;2023;16390
Ulmenau Leben;Ost;2024;15558
Ulmenau Leben;Ost;2025;13860
Varnhorst Versicherung;Nord;2023;15820
Varnhorst Versicherung;Nord;2024;15591
Varnhorst Versicherung;Nord;2025;16731
Wendhagen Versicherung;West;2023;10912
Wendhagen Versicherung;West;2024;11914
Wendhagen Versicherung;West;2025;11723
Zellbrück Versicherung;Süd;2023;23915
Zellbrück Versicherung;Süd;2024;25666
Zellbrück Versicherung;Süd;2025;26921
Achterkamp Versicherung;Nord;2023;10987
Achterkamp Versicherung;Nord;2024;10637
Achterkamp Versicherung;Nord;2025;11761
Birkenfurt Versicherung;Ost;2023;4898
Birkenfurt Versicherung;Ost;2024;4622
Birkenfurt Versicherung;Ost;2025;4735
Dornstetten Versicherung;Süd;2023;25542
Dornstetten Versicherung;Süd;2024;27433
Dornstetten Versicherung;Süd;2025;28798
Eschweide Versicherung;West;2023;12586
Eschweide Versicherung;West;2024;11598
Eschweide Versicherung;West;2025;10449
Falkenrode Versicherung;Ost;2023;16147
Falkenrode Versicherung;Ost;2024;16936
Falkenrode Versicherung;Ost;2025;16438
Grünwalde Versicherung;Ost;2023;12393
Grünwalde Versicherung;Ost;2024;12733
Grünwalde Versicherung;Ost;2025;13306
Hessling Leben;West;2023;15813
Hessling Leben;West;2024;17210
Hessling Leben;West;2025;15634
Immenried Versicherung;Süd;2023;9561
Immenried Versicherung;Süd;2024;9784
Immenried Versicherung;Süd;2025;10165
Kaltenmoor Versicherung;Nord;2023;5092
Kaltenmoor Versicherung;Nord;2024;5287
Kaltenmoor Versicherung;Nord;2025;5422
Lindwerder Versicherung;Ost;2023;21225
Lindwerder Versicherung;Ost;2024;22747
Lindwerder Versicherung;Ost;2025;20944
Mühlhaupt Versicherung;Süd;2023;4010
Mühlhaupt Versicherung;Süd;2024;3676
Mühlhaupt Versicherung;Süd;2025;3229
Neuenkirch Versicherung;West;2023;14219
Neuenkirch Versicherung;West;2024;15351
Neuenkirch Versicherung;West;2025;15737
Oberstaal Versicherung;Süd;2023;5053
Oberstaal Versicherung;Süd;2024;5153
Oberstaal Versicherung;Süd;2025;5646
Priemhof Versicherung;Nord;2023;6266
Priemhof Versicherung;Nord;2024;6396
Priemhof Versicherung;Nord;2025;6150
Rosswinkel Versicherung;Ost;2023;14966
Rosswinkel Versicherung;Ost;2024;13563
Rosswinkel Versicherung;Ost;2025;14081
Sandhöfen Versicherung;West;2023;25762
Sandhöfen Versicherung;West;2024;23552
Sandhöfen Versicherung;West;2025;23223
Tannrode Versicherung;Ost;2023;3473
Tannrode Versicherung;Ost;2024;3436
Tannrode Versicherung;Ost;2025;2969
Uhlenbrock Versicherung;Nord;2023;16366
Uhlenbrock Versicherung;Nord;2024;17954
Uhlenbrock Versicherung;Nord;2025;19482
Vierlinden Versicherung;West;2023;27767
Vierlinden Versicherung;West;2024;25244
Vierlinden Versicherung;West;2025;23206
Weißenstede Versicherung;Ost;2023;9288
Weißenstede Versicherung;Ost;2024;9173
Weißenstede Versicherung;Ost;2025;8645
Achtermoor Leben;Nord;2023;15761
Achtermoor Leben;Nord;2024;17020
Achtermoor Leben;Nord;2025;14828
Bergfelde Versicherung;Süd;2023;15914
Bergfelde Versicherung;Süd;2024;15557
Bergfelde Versicherung;Süd;2025;16788
Krummhörn Versicherung;West;2023;16335
Krummhörn Versicherung;West;2024;17861
Krummhörn Versicherung;West;2025;17252
Steinwedel Versicherung;Ost;2023;19251
Steinwedel Versicherung;Ost;2024;18101
Steinwedel Versicherung;Ost;2025;15575
