Jahr;SGE;Eigener_MA_Prozent;MA_staerkster_Konkurrent_Prozent;Relativer_MA;Marktwachstum_Prozent;Umsatz_Mio_EUR;Umsatzanteil_Prozent
2025;A;2,9;7,4;0,39;3,8;228;23,22
2025;B;6,1;3,1;1,97;4,4;92;9,37
2025;C;9,0;5,1;1,76;2,9;291;29,63
2025;D;4,0;3,0;1,33;3,7;240;24,44
2025;E;1,6;3,1;0,52;2,0;131;13,34
2026;A;3,0;7,5;0,40;4,0;240;23,26
2026;B;6,8;3,0;2,27;4,6;105;10,17
2026;C;9,1;5,2;1,75;2,6;300;29,07
2026;D;4,2;3,0;1,40;4,0;262;25,39
2026;E;1,5;3,2;0,47;1,8;125;12,11
2027;A;3,2;7,6;0,42;4,2;250;23,15
2027;B;7,4;2,9;2,55;4,9;120;11,11
2027;C;9,4;5,3;1,77;2,4;310;28,70
2027;D;4,3;3,1;1,39;4,2;280;25,93
2027;E;1,4;3,3;0,42;1,5;120;11,11
