Jahr;Produkt;Kundengruppe;Stück;Umsatz_EUR;Wareneinsatz_EUR;DB_EUR
2024;Kupplung KU 10;Maschinenbau;231;11204;6429;4775
2024;Kupplung KU 10;Fördertechnik;229;10773;6374;4399
2024;Kupplung KU 10;Fahrzeugbau;216;9847;6012;3835
2024;Kupplung KU 10;Handel;110;4695;3062;1633
2025;Kupplung KU 10;Maschinenbau;189;9450;5368;4082
2025;Kupplung KU 10;Fördertechnik;257;12464;7299;5165
2025;Kupplung KU 10;Fahrzeugbau;190;8930;5396;3534
2025;Kupplung KU 10;Handel;96;4224;2726;1498
2024;Kupplung KU 63;Maschinenbau;207;22087;13411;8676
2024;Kupplung KU 63;Fördertechnik;105;10867;6803;4064
2024;Kupplung KU 63;Fahrzeugbau;264;26479;17104;9375
2024;Kupplung KU 63;Handel;97;9108;6284;2824
2025;Kupplung KU 63;Maschinenbau;231;25410;15271;10139
2025;Kupplung KU 63;Fördertechnik;97;10350;6413;3937
2025;Kupplung KU 63;Fahrzeugbau;193;19956;12759;7197
2025;Kupplung KU 63;Handel;70;6776;4628;2148
2024;Kupplung KU 20;Maschinenbau;165;11203;6723;4480
2024;Kupplung KU 20;Fördertechnik;55;3622;2241;1381
2024;Kupplung KU 20;Fahrzeugbau;53;3383;2160;1223
2024;Kupplung KU 20;Handel;52;3107;2119;988
2025;Kupplung KU 20;Maschinenbau;218;15260;9064;6196
2025;Kupplung KU 20;Fördertechnik;78;5296;3243;2053
2025;Kupplung KU 20;Fahrzeugbau;71;4672;2952;1720
2025;Kupplung KU 20;Handel;50;3080;2079;1001
2024;Kupplung KU 40;Maschinenbau;122;11834;7042;4792
2024;Kupplung KU 40;Fördertechnik;82;7715;4733;2982
2024;Kupplung KU 40;Fahrzeugbau;58;5288;3348;1940
2024;Kupplung KU 40;Handel;64;5463;3694;1769
2025;Kupplung KU 40;Maschinenbau;122;12200;7186;5014
2025;Kupplung KU 40;Fördertechnik;66;6402;3887;2515
2025;Kupplung KU 40;Fahrzeugbau;53;4982;3122;1860
2025;Kupplung KU 40;Handel;70;6160;4123;2037
2024;Frequenzumrichter FU 30;Maschinenbau;82;31021;17770;13251
2024;Frequenzumrichter FU 30;Fördertechnik;32;11742;6935;4807
2024;Frequenzumrichter FU 30;Fahrzeugbau;46;16358;9969;6389
2024;Frequenzumrichter FU 30;Handel;41;13649;8885;4764
2025;Frequenzumrichter FU 30;Maschinenbau;90;35100;19902;15198
2025;Frequenzumrichter FU 30;Fördertechnik;39;14754;8624;6130
2025;Frequenzumrichter FU 30;Fahrzeugbau;62;22729;13710;9019
2025;Frequenzumrichter FU 30;Handel;51;17503;11278;6225
2024;Kugelgewindetrieb KG 40;Maschinenbau;75;20370;14447;5923
2024;Kugelgewindetrieb KG 40;Fördertechnik;43;11328;8283;3045
2024;Kugelgewindetrieb KG 40;Fahrzeugbau;52;13276;10017;3259
2024;Kugelgewindetrieb KG 40;Handel;32;7648;6164;1484
2025;Kugelgewindetrieb KG 40;Maschinenbau;72;20160;14152;6008
2025;Kugelgewindetrieb KG 40;Fördertechnik;50;13580;9828;3752
2025;Kugelgewindetrieb KG 40;Fahrzeugbau;59;15529;11597;3932
2025;Kugelgewindetrieb KG 40;Handel;31;7638;6093;1545
2024;Kugelgewindetrieb KG 63;Maschinenbau;65;24590;14682;9908
2024;Kugelgewindetrieb KG 63;Fördertechnik;39;14311;8809;5502
2024;Kugelgewindetrieb KG 63;Fahrzeugbau;23;8179;5195;2984
2024;Kugelgewindetrieb KG 63;Handel;22;7324;4969;2355
2025;Kugelgewindetrieb KG 63;Maschinenbau;74;28860;17056;11804
2025;Kugelgewindetrieb KG 63;Fördertechnik;44;16645;10142;6503
2025;Kugelgewindetrieb KG 63;Fahrzeugbau;32;11731;7376;4355
2025;Kugelgewindetrieb KG 63;Handel;35;12012;8067;3945
2024;Kupplung KU 30;Maschinenbau;56;4346;2529;1817
2024;Kupplung KU 30;Fördertechnik;44;3312;1987;1325
2024;Kupplung KU 30;Fahrzeugbau;47;3428;2122;1306
2024;Kupplung KU 30;Handel;16;1093;723;370
2025;Kupplung KU 30;Maschinenbau;61;4880;2811;2069
2025;Kupplung KU 30;Fördertechnik;44;3414;2028;1386
2025;Kupplung KU 30;Fahrzeugbau;49;3685;2258;1427
2025;Kupplung KU 30;Handel;13;915;599;316
2024;Kupplung KU 50;Maschinenbau;44;4695;3439;1256
2024;Kupplung KU 50;Fördertechnik;38;3933;2970;963
2024;Kupplung KU 50;Fahrzeugbau;58;5817;4533;1284
2024;Kupplung KU 50;Handel;21;1972;1641;331
2025;Kupplung KU 50;Maschinenbau;49;5390;3908;1482
2025;Kupplung KU 50;Fördertechnik;34;3628;2712;916
2025;Kupplung KU 50;Fahrzeugbau;56;5790;4466;1324
2025;Kupplung KU 50;Handel;18;1742;1436;306
2024;Kupplung KU 80;Maschinenbau;69;10040;7009;3031
2024;Kupplung KU 80;Fördertechnik;30;4234;3047;1187
2024;Kupplung KU 80;Fahrzeugbau;37;5060;3758;1302
2024;Kupplung KU 80;Handel;12;1536;1219;317
2025;Kupplung KU 80;Maschinenbau;64;9600;6634;2966
2025;Kupplung KU 80;Fördertechnik;32;4656;3317;1339
2025;Kupplung KU 80;Fahrzeugbau;41;5781;4250;1531
2025;Kupplung KU 80;Handel;12;1584;1244;340
2024;Frequenzumrichter FU 40;Maschinenbau;47;23707;15880;7827
2024;Frequenzumrichter FU 40;Fördertechnik;36;17614;12163;5451
2024;Frequenzumrichter FU 40;Fahrzeugbau;21;9957;7095;2862
2024;Frequenzumrichter FU 40;Handel;10;4439;3379;1060
2025;Frequenzumrichter FU 40;Maschinenbau;58;30160;19996;10164
2025;Frequenzumrichter FU 40;Fördertechnik;47;23707;16204;7503
2025;Frequenzumrichter FU 40;Fahrzeugbau;24;11731;8274;3457
2025;Frequenzumrichter FU 40;Handel;10;4576;3448;1128
2024;Getriebemotor GM 40;Maschinenbau;70;38703;30030;8673
2024;Getriebemotor GM 40;Fördertechnik;28;15017;12012;3005
2024;Getriebemotor GM 40;Fahrzeugbau;24;12473;10296;2177
2024;Getriebemotor GM 40;Handel;18;8758;7722;1036
2025;Getriebemotor GM 40;Maschinenbau;65;37050;28454;8596
2025;Getriebemotor GM 40;Fördertechnik;31;17140;13571;3569
2025;Getriebemotor GM 40;Fahrzeugbau;24;12859;10506;2353
2025;Getriebemotor GM 40;Handel;17;8527;7442;1085
2024;Kugelgewindetrieb KG 50;Maschinenbau;64;21728;12798;8930
2024;Kugelgewindetrieb KG 50;Fördertechnik;21;6916;4199;2717
2024;Kugelgewindetrieb KG 50;Fahrzeugbau;53;16914;10598;6316
2024;Kugelgewindetrieb KG 50;Handel;16;4780;3200;1580
2025;Kugelgewindetrieb KG 50;Maschinenbau;59;20650;12039;8611
2025;Kugelgewindetrieb KG 50;Fördertechnik;18;6111;3673;2438
2025;Kugelgewindetrieb KG 50;Fahrzeugbau;43;14147;8774;5373
2025;Kugelgewindetrieb KG 50;Handel;12;3696;2449;1247
2024;Linearachse LA 20;Maschinenbau;34;32650;22695;9955
2024;Linearachse LA 20;Fördertechnik;39;36328;26032;10296
2024;Linearachse LA 20;Fahrzeugbau;29;26178;19357;6821
2024;Linearachse LA 20;Handel;34;28732;22695;6037
2025;Linearachse LA 20;Maschinenbau;33;32670;22477;10193
2025;Linearachse LA 20;Fördertechnik;30;28809;20434;8375
2025;Linearachse LA 20;Fahrzeugbau;30;27918;20434;7484
2025;Linearachse LA 20;Handel;29;25265;19752;5513
2024;Kugelgewindetrieb KG 10;Maschinenbau;24;3958;2863;1095
2024;Kugelgewindetrieb KG 10;Fördertechnik;29;4639;3459;1180
2024;Kugelgewindetrieb KG 10;Fahrzeugbau;46;7130;5487;1643
2024;Kugelgewindetrieb KG 10;Handel;20;2902;2386;516
2025;Kugelgewindetrieb KG 10;Maschinenbau;21;3570;2556;1014
2025;Kugelgewindetrieb KG 10;Fördertechnik;33;5442;4017;1425
2025;Kugelgewindetrieb KG 10;Fahrzeugbau;42;6712;5112;1600
2025;Kugelgewindetrieb KG 10;Handel;19;2842;2313;529
2024;Getriebemotor GM 30;Maschinenbau;34;13852;9082;4770
2024;Getriebemotor GM 30;Fördertechnik;41;16202;10952;5250
2024;Getriebemotor GM 30;Fahrzeugbau;24;9191;6411;2780
2024;Getriebemotor GM 30;Handel;20;7170;5343;1827
2025;Getriebemotor GM 30;Maschinenbau;38;15960;10358;5602
2025;Getriebemotor GM 30;Fördertechnik;37;15074;10085;4989
2025;Getriebemotor GM 30;Fahrzeugbau;23;9080;6269;2811
2025;Getriebemotor GM 30;Handel;15;5544;4089;1455
2024;Servomotor SM 30;Maschinenbau;19;13822;8966;4856
2024;Servomotor SM 30;Fördertechnik;20;14114;9437;4677
2024;Servomotor SM 30;Fahrzeugbau;30;20516;14156;6360
2024;Servomotor SM 30;Handel;17;10883;8022;2861
2025;Servomotor SM 30;Maschinenbau;25;18750;12038;6712
2025;Servomotor SM 30;Fördertechnik;25;18188;12038;6150
2025;Servomotor SM 30;Fahrzeugbau;39;27495;18778;8717
2025;Servomotor SM 30;Handel;17;11220;8186;3034
2024;Kugelgewindetrieb KG 80;Maschinenbau;28;12494;7245;5249
2024;Kugelgewindetrieb KG 80;Fördertechnik;25;10820;6469;4351
2024;Kugelgewindetrieb KG 80;Fahrzeugbau;19;7969;4916;3053
2024;Kugelgewindetrieb KG 80;Handel;15;5890;3881;2009
2025;Kugelgewindetrieb KG 80;Maschinenbau;35;16100;9241;6859
2025;Kugelgewindetrieb KG 80;Fördertechnik;30;13386;7921;5465
2025;Kugelgewindetrieb KG 80;Fahrzeugbau;18;7783;4753;3030
2025;Kugelgewindetrieb KG 80;Handel;17;6882;4489;2393
2024;Planetengetriebe PG 20;Maschinenbau;38;19904;12005;7899
2024;Planetengetriebe PG 20;Fördertechnik;13;6605;4107;2498
2024;Planetengetriebe PG 20;Fahrzeugbau;20;9847;6319;3528
2024;Planetengetriebe PG 20;Handel;6;2766;1896;870
2025;Planetengetriebe PG 20;Maschinenbau;44;23760;14185;9575
2025;Planetengetriebe PG 20;Fördertechnik;18;9428;5803;3625
2025;Planetengetriebe PG 20;Fahrzeugbau;27;13705;8704;5001
2025;Planetengetriebe PG 20;Handel;9;4277;2901;1376
2024;Frequenzumrichter FU 63;Maschinenbau;38;24696;15220;9476
2024;Frequenzumrichter FU 63;Fördertechnik;13;8195;5207;2988
2024;Frequenzumrichter FU 63;Fahrzeugbau;16;9774;6408;3366
2024;Frequenzumrichter FU 63;Handel;12;6863;4806;2057
2025;Frequenzumrichter FU 63;Maschinenbau;46;30820;18800;12020
2025;Frequenzumrichter FU 63;Fördertechnik;20;12998;8174;4824
2025;Frequenzumrichter FU 63;Fahrzeugbau;16;10077;6539;3538
2025;Frequenzumrichter FU 63;Handel;13;7665;5313;2352
2024;Getriebemotor GM 20;Maschinenbau;48;19090;12555;6535
2024;Getriebemotor GM 20;Fördertechnik;17;6558;4447;2111
2024;Getriebemotor GM 20;Fahrzeugbau;16;5981;4185;1796
2024;Getriebemotor GM 20;Handel;16;5600;4185;1415
2025;Getriebemotor GM 20;Maschinenbau;45;18450;12011;6439
2025;Getriebemotor GM 20;Fördertechnik;18;7159;4804;2355
2025;Getriebemotor GM 20;Fahrzeugbau;16;6166;4271;1895
2025;Getriebemotor GM 20;Handel;16;5773;4271;1502
2024;Servomotor SM 10;Maschinenbau;33;17285;11840;5445
2024;Servomotor SM 10;Fördertechnik;14;7113;5023;2090
2024;Servomotor SM 10;Fahrzeugbau;19;9355;6817;2538
2024;Servomotor SM 10;Handel;14;6453;5023;1430
2025;Servomotor SM 10;Maschinenbau;40;21600;14645;6955
2025;Servomotor SM 10;Fördertechnik;17;8905;6224;2681
2025;Servomotor SM 10;Fahrzeugbau;20;10152;7322;2830
2025;Servomotor SM 10;Handel;18;8554;6590;1964
2024;Frequenzumrichter FU 20;Maschinenbau;37;12920;8341;4579
2024;Frequenzumrichter FU 20;Fördertechnik;18;6097;4058;2039
2024;Frequenzumrichter FU 20;Fahrzeugbau;24;7878;5411;2467
2024;Frequenzumrichter FU 20;Handel;8;2458;1804;654
2025;Frequenzumrichter FU 20;Maschinenbau;45;16200;10352;5848
2025;Frequenzumrichter FU 20;Fördertechnik;18;6286;4141;2145
2025;Frequenzumrichter FU 20;Fahrzeugbau;23;7783;5291;2492
2025;Frequenzumrichter FU 20;Handel;7;2218;1610;608
2024;Servomotor SM 20;Maschinenbau;27;18333;11558;6775
2024;Servomotor SM 20;Fördertechnik;27;17783;11558;6225
2024;Servomotor SM 20;Fahrzeugbau;38;24254;16266;7988
2024;Servomotor SM 20;Handel;11;6573;4709;1864
2025;Servomotor SM 20;Maschinenbau;23;16100;10046;6054
2025;Servomotor SM 20;Fördertechnik;24;16296;10483;5813
2025;Servomotor SM 20;Fahrzeugbau;31;20398;13541;6857
2025;Servomotor SM 20;Handel;10;6160;4368;1792
2024;Planetengetriebe PG 10;Maschinenbau;30;12222;7483;4739
2024;Planetengetriebe PG 10;Fördertechnik;18;7113;4490;2623
2024;Planetengetriebe PG 10;Fahrzeugbau;11;4213;2744;1469
2024;Planetengetriebe PG 10;Handel;16;5736;3991;1745
2025;Planetengetriebe PG 10;Maschinenbau;28;11760;7127;4633
2025;Planetengetriebe PG 10;Fördertechnik;18;7333;4581;2752
2025;Planetengetriebe PG 10;Fahrzeugbau;11;4343;2800;1543
2025;Planetengetriebe PG 10;Handel;14;5174;3563;1611
2024;Kugelgewindetrieb KG 20;Maschinenbau;35;7130;4912;2218
2024;Kugelgewindetrieb KG 20;Fördertechnik;13;2569;1825;744
2024;Kugelgewindetrieb KG 20;Fahrzeugbau;9;1723;1263;460
2024;Kugelgewindetrieb KG 20;Handel;14;2510;1965;545
2025;Kugelgewindetrieb KG 20;Maschinenbau;35;7350;5013;2337
2025;Kugelgewindetrieb KG 20;Fördertechnik;11;2241;1575;666
2025;Kugelgewindetrieb KG 20;Fahrzeugbau;9;1777;1289;488
2025;Kugelgewindetrieb KG 20;Handel;14;2587;2005;582
2024;Getriebemotor GM 10;Maschinenbau;14;4617;2696;1921
2024;Getriebemotor GM 10;Fördertechnik;12;3839;2311;1528
2024;Getriebemotor GM 10;Fahrzeugbau;13;4030;2504;1526
2024;Getriebemotor GM 10;Handel;11;3192;2118;1074
2025;Getriebemotor GM 10;Maschinenbau;18;6120;3537;2583
2025;Getriebemotor GM 10;Fördertechnik;14;4617;2751;1866
2025;Getriebemotor GM 10;Fahrzeugbau;15;4794;2948;1846
2025;Getriebemotor GM 10;Handel;14;4189;2751;1438
2024;Getriebemotor GM 63;Maschinenbau;29;20254;14999;5255
2024;Getriebemotor GM 63;Fördertechnik;8;5420;4138;1282
2024;Getriebemotor GM 63;Fahrzeugbau;16;10504;8275;2229
2024;Getriebemotor GM 63;Handel;9;5531;4655;876
2025;Getriebemotor GM 63;Maschinenbau;24;17280;12666;4614
2025;Getriebemotor GM 63;Fördertechnik;8;5587;4222;1365
2025;Getriebemotor GM 63;Fahrzeugbau;19;12859;10027;2832
2025;Getriebemotor GM 63;Handel;7;4435;3694;741
2024;Getriebemotor GM 80;Maschinenbau;27;20428;15479;4949
2024;Getriebemotor GM 80;Fördertechnik;10;7339;5733;1606
2024;Getriebemotor GM 80;Fahrzeugbau;10;7112;5733;1379
2024;Getriebemotor GM 80;Handel;10;6658;5733;925
2025;Getriebemotor GM 80;Maschinenbau;28;21840;16380;5460
2025;Getriebemotor GM 80;Fördertechnik;9;6809;5265;1544
2025;Getriebemotor GM 80;Fahrzeugbau;11;8065;6435;1630
2025;Getriebemotor GM 80;Handel;8;5491;4680;811
2024;Kugelgewindetrieb KG 30;Maschinenbau;26;6557;4352;2205
2024;Kugelgewindetrieb KG 30;Fördertechnik;11;2691;1841;850
2024;Kugelgewindetrieb KG 30;Fahrzeugbau;14;3319;2344;975
2024;Kugelgewindetrieb KG 30;Handel;6;1332;1004;328
2025;Kugelgewindetrieb KG 30;Maschinenbau;19;4940;3246;1694
2025;Kugelgewindetrieb KG 30;Fördertechnik;13;3279;2221;1058
2025;Kugelgewindetrieb KG 30;Fahrzeugbau;14;3422;2391;1031
2025;Kugelgewindetrieb KG 30;Handel;8;1830;1367;463
2024;Planetengetriebe PG 40;Maschinenbau;19;12164;6919;5245
2024;Planetengetriebe PG 40;Fördertechnik;11;6831;4006;2825
2024;Planetengetriebe PG 40;Fahrzeugbau;5;3009;1821;1188
2024;Planetengetriebe PG 40;Handel;7;3944;2549;1395
2025;Planetengetriebe PG 40;Maschinenbau;22;14520;8175;6345
2025;Planetengetriebe PG 40;Fördertechnik;14;8963;5202;3761
2025;Planetengetriebe PG 40;Fahrzeugbau;6;3722;2229;1493
2025;Planetengetriebe PG 40;Handel;7;4066;2601;1465
2024;Frequenzumrichter FU 10;Maschinenbau;23;6470;4314;2156
2024;Frequenzumrichter FU 10;Fördertechnik;7;1910;1313;597
2024;Frequenzumrichter FU 10;Fahrzeugbau;15;3966;2814;1152
2024;Frequenzumrichter FU 10;Handel;6;1485;1125;360
2025;Frequenzumrichter FU 10;Maschinenbau;19;5510;3637;1873
2025;Frequenzumrichter FU 10;Fördertechnik;7;1969;1340;629
2025;Frequenzumrichter FU 10;Fahrzeugbau;12;3271;2297;974
2025;Frequenzumrichter FU 10;Handel;7;1786;1340;446
2024;Frequenzumrichter FU 80;Maschinenbau;16;11485;7588;3897
2024;Frequenzumrichter FU 80;Fördertechnik;8;5570;3794;1776
2024;Frequenzumrichter FU 80;Fahrzeugbau;8;5398;3794;1604
2024;Frequenzumrichter FU 80;Handel;4;2527;1897;630
2025;Frequenzumrichter FU 80;Maschinenbau;19;14060;9195;4865
2025;Frequenzumrichter FU 80;Fördertechnik;9;6460;4356;2104
2025;Frequenzumrichter FU 80;Fahrzeugbau;9;6260;4356;1904
2025;Frequenzumrichter FU 80;Handel;4;2605;1936;669
2024;Frequenzumrichter FU 50;Maschinenbau;16;8846;5202;3644
2024;Frequenzumrichter FU 50;Fördertechnik;8;4291;2601;1690
2024;Frequenzumrichter FU 50;Fahrzeugbau;10;5197;3251;1946
2024;Frequenzumrichter FU 50;Handel;4;1946;1300;646
2025;Frequenzumrichter FU 50;Maschinenbau;16;9120;5308;3812
2025;Frequenzumrichter FU 50;Fördertechnik;8;4423;2654;1769
2025;Frequenzumrichter FU 50;Fahrzeugbau;9;4822;2986;1836
2025;Frequenzumrichter FU 50;Handel;4;2006;1327;679
2024;Getriebemotor GM 50;Maschinenbau;12;7333;4653;2680
2024;Getriebemotor GM 50;Fördertechnik;8;4742;3102;1640
2024;Getriebemotor GM 50;Fahrzeugbau;9;5170;3490;1680
2024;Getriebemotor GM 50;Handel;9;4840;3490;1350
2025;Getriebemotor GM 50;Maschinenbau;11;6930;4352;2578
2025;Getriebemotor GM 50;Fördertechnik;6;3667;2374;1293
2025;Getriebemotor GM 50;Fahrzeugbau;8;4738;3165;1573
2025;Getriebemotor GM 50;Handel;9;4990;3561;1429
2024;Linearachse LA 63;Maschinenbau;13;20050;11506;8544
2024;Linearachse LA 63;Fördertechnik;8;11968;7080;4888
2024;Linearachse LA 63;Fahrzeugbau;8;11598;7080;4518
2024;Linearachse LA 63;Handel;4;5429;3540;1889
2025;Linearachse LA 63;Maschinenbau;10;15900;9031;6869
2025;Linearachse LA 63;Fördertechnik;7;10796;6322;4474
2025;Linearachse LA 63;Fahrzeugbau;10;14946;9031;5915
2025;Linearachse LA 63;Handel;4;5597;3612;1985
2024;Planetengetriebe PG 50;Maschinenbau;15;11494;7188;4306
2024;Planetengetriebe PG 50;Fördertechnik;7;5203;3355;1848
2024;Planetengetriebe PG 50;Fahrzeugbau;4;2881;1917;964
2024;Planetengetriebe PG 50;Handel;2;1349;958;391
2025;Planetengetriebe PG 50;Maschinenbau;14;11060;6846;4214
2025;Planetengetriebe PG 50;Fördertechnik;6;4598;2934;1664
2025;Planetengetriebe PG 50;Fahrzeugbau;5;3713;2445;1268
2025;Planetengetriebe PG 50;Handel;3;2086;1467;619
2024;Planetengetriebe PG 63;Maschinenbau;9;8119;5602;2517
2024;Planetengetriebe PG 63;Fördertechnik;4;3500;2490;1010
2024;Planetengetriebe PG 63;Fahrzeugbau;5;4240;3112;1128
2024;Planetengetriebe PG 63;Handel;6;4763;3735;1028
2025;Planetengetriebe PG 63;Maschinenbau;10;9300;6352;2948
2025;Planetengetriebe PG 63;Fördertechnik;4;3608;2541;1067
2025;Planetengetriebe PG 63;Fahrzeugbau;6;5245;3811;1434
2025;Planetengetriebe PG 63;Handel;6;4910;3811;1099
2024;Planetengetriebe PG 30;Maschinenbau;6;3608;2235;1373
2024;Planetengetriebe PG 30;Fördertechnik;5;2917;1862;1055
2024;Planetengetriebe PG 30;Fahrzeugbau;9;5088;3352;1736
2024;Planetengetriebe PG 30;Handel;4;2117;1490;627
2025;Planetengetriebe PG 30;Maschinenbau;7;4340;2660;1680
2025;Planetengetriebe PG 30;Fördertechnik;5;3007;1900;1107
2025;Planetengetriebe PG 30;Fahrzeugbau;8;4662;3040;1622
2025;Planetengetriebe PG 30;Handel;4;2182;1520;662
2024;Linearachse LA 50;Maschinenbau;10;14162;9787;4375
2024;Linearachse LA 50;Fördertechnik;6;8242;5872;2370
2024;Linearachse LA 50;Fahrzeugbau;5;6656;4893;1763
2024;Linearachse LA 50;Handel;3;3739;2936;803
2025;Linearachse LA 50;Maschinenbau;8;11680;7989;3691
2025;Linearachse LA 50;Fördertechnik;6;8497;5992;2505
2025;Linearachse LA 50;Fahrzeugbau;4;5490;3995;1495
2025;Linearachse LA 50;Handel;3;3854;2996;858
2024;Servomotor SM 63;Maschinenbau;5;5578;3330;2248
2024;Servomotor SM 63;Fördertechnik;3;3246;1998;1248
2024;Servomotor SM 63;Fahrzeugbau;8;8389;5328;3061
2024;Servomotor SM 63;Handel;6;5890;3996;1894
2025;Servomotor SM 63;Maschinenbau;5;5750;3398;2352
2025;Servomotor SM 63;Fördertechnik;3;3346;2039;1307
2025;Servomotor SM 63;Fahrzeugbau;7;7567;4758;2809
2025;Servomotor SM 63;Handel;5;5060;3398;1662
2024;Linearachse LA 10;Maschinenbau;6;4656;3401;1255
2024;Linearachse LA 10;Fördertechnik;5;3764;2834;930
2024;Linearachse LA 10;Fahrzeugbau;5;3647;2834;813
2024;Linearachse LA 10;Handel;3;2049;1700;349
2025;Linearachse LA 10;Maschinenbau;6;4800;3470;1330
2025;Linearachse LA 10;Fördertechnik;5;3880;2892;988
2025;Linearachse LA 10;Fahrzeugbau;4;3008;2314;694
2025;Linearachse LA 10;Handel;3;2112;1735;377
2024;Planetengetriebe PG 80;Maschinenbau;8;9002;5457;3545
2024;Planetengetriebe PG 80;Fördertechnik;1;1091;682;409
2024;Planetengetriebe PG 80;Fahrzeugbau;2;2115;1364;751
2024;Planetengetriebe PG 80;Handel;3;2971;2046;925
2025;Planetengetriebe PG 80;Maschinenbau;8;9280;5568;3712
2025;Planetengetriebe PG 80;Fördertechnik;2;2250;1392;858
2025;Planetengetriebe PG 80;Fahrzeugbau;2;2181;1392;789
2025;Planetengetriebe PG 80;Handel;4;4083;2784;1299
2024;Linearachse LA 30;Maschinenbau;6;6868;4545;2323
2024;Linearachse LA 30;Fördertechnik;4;4441;3030;1411
2024;Linearachse LA 30;Fahrzeugbau;3;3228;2272;956
2024;Linearachse LA 30;Handel;4;4029;3030;999
2025;Linearachse LA 30;Maschinenbau;6;7080;4637;2443
2025;Linearachse LA 30;Fördertechnik;4;4578;3092;1486
2025;Linearachse LA 30;Fahrzeugbau;2;2218;1546;672
2025;Linearachse LA 30;Handel;3;3115;2319;796
2024;Linearachse LA 40;Maschinenbau;6;6518;4076;2442
2024;Linearachse LA 40;Fördertechnik;5;5269;3397;1872
2024;Linearachse LA 40;Fahrzeugbau;2;2042;1359;683
2024;Linearachse LA 40;Handel;2;1912;1359;553
2025;Linearachse LA 40;Maschinenbau;6;6720;4160;2560
2025;Linearachse LA 40;Fördertechnik;4;4346;2773;1573
2025;Linearachse LA 40;Fahrzeugbau;2;2106;1387;719
2025;Linearachse LA 40;Handel;2;1971;1387;584
2024;Servomotor SM 40;Maschinenbau;4;3182;2485;697
2024;Servomotor SM 40;Fördertechnik;2;1543;1242;301
2024;Servomotor SM 40;Fahrzeugbau;3;2243;1864;379
2024;Servomotor SM 40;Handel;2;1400;1242;158
2025;Servomotor SM 40;Maschinenbau;4;3280;2535;745
2025;Servomotor SM 40;Fördertechnik;2;1591;1268;323
2025;Servomotor SM 40;Fahrzeugbau;4;3083;2535;548
2025;Servomotor SM 40;Handel;2;1443;1268;175
2024;Servomotor SM 50;Maschinenbau;5;5092;3596;1496
2024;Servomotor SM 50;Fördertechnik;1;988;719;269
2024;Servomotor SM 50;Fahrzeugbau;2;1915;1439;476
2024;Servomotor SM 50;Handel;1;896;719;177
2025;Servomotor SM 50;Maschinenbau;6;6300;4404;1896
2025;Servomotor SM 50;Fördertechnik;2;2037;1468;569
2025;Servomotor SM 50;Fahrzeugbau;2;1974;1468;506
2025;Servomotor SM 50;Handel;1;924;734;190
2024;Servomotor SM 80;Maschinenbau;2;2794;2089;705
2024;Servomotor SM 80;Fördertechnik;3;4065;3133;932
2024;Servomotor SM 80;Fahrzeugbau;4;5252;4177;1075
2024;Servomotor SM 80;Handel;1;1229;1044;185
2025;Servomotor SM 80;Maschinenbau;3;4320;3197;1123
2025;Servomotor SM 80;Fördertechnik;2;2794;2131;663
2025;Servomotor SM 80;Fahrzeugbau;3;4061;3197;864
2025;Servomotor SM 80;Handel;2;2534;2131;403
2024;Linearachse LA 80;Maschinenbau;3;5587;4375;1212
2024;Linearachse LA 80;Fördertechnik;2;3613;2916;697
2024;Linearachse LA 80;Fahrzeugbau;1;1751;1458;293
2024;Linearachse LA 80;Handel;1;1639;1458;181
2025;Linearachse LA 80;Maschinenbau;4;7680;5952;1728
2025;Linearachse LA 80;Fördertechnik;2;3725;2976;749
2025;Linearachse LA 80;Fahrzeugbau;1;1805;1488;317
2025;Linearachse LA 80;Handel;2;3379;2976;403
