Monat;Absatz_Stueck;Absatz_kum_Stueck;Umsatz_TEUR;Umsatz_kum_TEUR;Variable_Kosten_TEUR;Variable_Kosten_kum_TEUR;Fixkosten_Jahr_TEUR;Gesamtkosten_kum_TEUR;Ergebnis_kum_TEUR
Januar;1000;1000;375;375;250;250;1150;1400;-1025
Februar;1000;2000;375;750;250;500;1150;1650;-900
März;1000;3000;375;1125;250;750;1150;1900;-775
April;1000;4000;375;1500;250;1000;1150;2150;-650
Mai;1000;5000;375;1875;250;1250;1150;2400;-525
Juni;1000;6000;375;2250;250;1500;1150;2650;-400
Juli;1000;7000;375;2625;250;1750;1150;2900;-275
August;1000;8000;375;3000;250;2000;1150;3150;-150
September;1000;9000;375;3375;250;2250;1150;3400;-25
Oktober;1000;10000;375;3750;250;2500;1150;3650;100
November;1000;11000;375;4125;250;2750;1150;3900;225
Dezember;1000;12000;375;4500;250;3000;1150;4150;350