Bundesland;Region;Quartal;Vorjahr_Mio_EUR;Plan_Mio_EUR;Ist_Mio_EUR
Baden-Württemberg;Süd;Q1 2025;1,1;1,2;1,3
Baden-Württemberg;Süd;Q2 2025;1,2;1,2;1,3
Baden-Württemberg;Süd;Q3 2025;1,1;1,1;1,2
Baden-Württemberg;Süd;Q4 2025;1,2;1,3;1,5
Bayern;Süd;Q1 2025;1,4;1,4;1,2
Bayern;Süd;Q2 2025;1,4;1,5;1,4
Bayern;Süd;Q3 2025;1,4;1,4;1,3
Bayern;Süd;Q4 2025;1,4;1,6;1,5
Berlin;Ost;Q1 2025;4,3;4,4;4,3
Berlin;Ost;Q2 2025;4,5;4,6;4,2
Berlin;Ost;Q3 2025;4,6;4,6;2,6
Berlin;Ost;Q4 2025;5,0;4,8;2,4
Brandenburg;Ost;Q1 2025;2,5;2,8;3,1
Brandenburg;Ost;Q2 2025;2,6;2,9;3,1
Brandenburg;Ost;Q3 2025;2,6;2,8;3,1
Brandenburg;Ost;Q4 2025;2,8;3,0;3,3
Bremen;Nord;Q1 2025;6,2;6,0;6,0
Bremen;Nord;Q2 2025;6,0;6,3;6,3
Bremen;Nord;Q3 2025;5,8;6,4;6,4
Bremen;Nord;Q4 2025;7,1;6,7;6,7
Hamburg;Nord;Q1 2025;2,1;1,9;2,4
Hamburg;Nord;Q2 2025;2,0;1,9;2,4
Hamburg;Nord;Q3 2025;2,0;1,8;2,3
Hamburg;Nord;Q4 2025;2,3;2,1;2,8
Hessen;West;Q1 2025;3,4;3,3;3,6
Hessen;West;Q2 2025;3,7;3,3;3,8
Hessen;West;Q3 2025;3,7;3,3;3,6
Hessen;West;Q4 2025;4,2;3,5;4,1
Mecklenburg-Vorpommern;Ost;Q1 2025;0,8;0,4;0,6
Mecklenburg-Vorpommern;Ost;Q2 2025;0,8;0,4;0,7
Mecklenburg-Vorpommern;Ost;Q3 2025;0,8;0,4;0,7
Mecklenburg-Vorpommern;Ost;Q4 2025;0,8;0,5;0,8
Niedersachsen;Nord;Q1 2025;20,1;22,0;19,8
Niedersachsen;Nord;Q2 2025;21,2;23,1;19,6
Niedersachsen;Nord;Q3 2025;19,5;22,0;19,5
Niedersachsen;Nord;Q4 2025;23,2;24,6;22,6
Nordrhein-Westfalen;West;Q1 2025;5,1;4,3;5,0
Nordrhein-Westfalen;West;Q2 2025;5,2;4,7;6,0
Nordrhein-Westfalen;West;Q3 2025;5,2;4,4;6,4
Nordrhein-Westfalen;West;Q4 2025;5,7;4,8;7,4
Rheinland-Pfalz;West;Q1 2025;0,6;0,6;0,7
Rheinland-Pfalz;West;Q2 2025;0,7;0,6;0,7
Rheinland-Pfalz;West;Q3 2025;0,6;0,6;0,7
Rheinland-Pfalz;West;Q4 2025;0,7;0,6;0,7
Saarland;West;Q1 2025;0,3;0,4;0,4
Saarland;West;Q2 2025;0,3;0,5;0,4
Saarland;West;Q3 2025;0,3;0,4;0,3
Saarland;West;Q4 2025;0,3;0,5;0,5
Sachsen;Ost;Q1 2025;1,6;1,4;1,4
Sachsen;Ost;Q2 2025;1,6;1,4;1,5
Sachsen;Ost;Q3 2025;1,5;1,3;1,3
Sachsen;Ost;Q4 2025;1,7;1,4;1,5
Sachsen-Anhalt;Ost;Q1 2025;1,3;1,2;1,2
Sachsen-Anhalt;Ost;Q2 2025;1,4;1,3;1,2
Sachsen-Anhalt;Ost;Q3 2025;1,3;1,2;1,2
Sachsen-Anhalt;Ost;Q4 2025;1,5;1,4;1,3
Schleswig-Holstein;Nord;Q1 2025;1,5;0,7;0,8
Schleswig-Holstein;Nord;Q2 2025;1,4;0,7;0,8
Schleswig-Holstein;Nord;Q3 2025;1,4;0,7;0,8
Schleswig-Holstein;Nord;Q4 2025;1,5;0,7;0,8
Thüringen;Ost;Q1 2025;1,2;1,1;1,2
Thüringen;Ost;Q2 2025;1,1;1,2;1,2
Thüringen;Ost;Q3 2025;1,2;1,1;1,2
Thüringen;Ost;Q4 2025;1,2;1,3;1,4
