Stand;Projekt_ID;Projekt;Status;Verantwortung;Geschäftsbereich;Funktionsbereich;BSC_Perspektive;Plan_Kosten_TEUR;Kostenabweichung_TEUR;Fertigstellung_Prozent;Terminverzug_Wochen;Nutzwert;Risikoindex;Kapitalwert_TEUR
30.06.2025;1;Übernahme Digitalanbieter;Planung;Frau Brandt;Zentral;Finanzen;Finanzen;4720;65;2;2;8;74;2360
30.09.2025;1;Übernahme Digitalanbieter;Umsetzung;Frau Brandt;Zentral;Finanzen;Finanzen;4720;113;7;3;8;76;2360
31.12.2025;1;Übernahme Digitalanbieter;Umsetzung;Frau Brandt;Zentral;Finanzen;Finanzen;4720;157;16;4;8;78;2360
31.03.2026;1;Übernahme Digitalanbieter;Umsetzung;Frau Brandt;Zentral;Finanzen;Finanzen;4720;197;25;5;8;80;2360
30.06.2026;1;Übernahme Digitalanbieter;Umsetzung;Frau Brandt;Zentral;Finanzen;Finanzen;4720;236;34;6;8;82;2360
30.06.2025;2;Markteintritt Osteuropa;Idee;Herr Lange;Antriebstechnik;Vertrieb;Kunden;5340;;;;9;75;3150
30.09.2025;2;Markteintritt Osteuropa;Planung;Herr Lange;Antriebstechnik;Vertrieb;Kunden;5340;40;3;1;9;75;3150
31.12.2025;2;Markteintritt Osteuropa;Planung;Herr Lange;Antriebstechnik;Vertrieb;Kunden;5340;69;6;2;9;75;3150
31.03.2026;2;Markteintritt Osteuropa;Planung;Herr Lange;Antriebstechnik;Vertrieb;Kunden;5340;95;9;3;9;75;3150
30.06.2026;2;Markteintritt Osteuropa;Planung;Herr Lange;Antriebstechnik;Vertrieb;Kunden;5340;120;12;4;9;75;3150
30.06.2025;3;Vertriebsausbau DACH;Umsetzung;Herr Yilmaz;Antriebstechnik;Vertrieb;Kunden;3430;47;26;-1;8;56;2480
30.09.2025;3;Vertriebsausbau DACH;Umsetzung;Herr Yilmaz;Antriebstechnik;Vertrieb;Kunden;3430;83;40;-1;8;54;2480
31.12.2025;3;Vertriebsausbau DACH;Umsetzung;Herr Yilmaz;Antriebstechnik;Vertrieb;Kunden;3430;114;54;-1;8;52;2480
31.03.2026;3;Vertriebsausbau DACH;Umsetzung;Herr Yilmaz;Antriebstechnik;Vertrieb;Kunden;3430;144;68;-2;8;50;2480
30.06.2026;3;Vertriebsausbau DACH;Umsetzung;Herr Yilmaz;Antriebstechnik;Vertrieb;Kunden;3430;172;82;-2;8;48;2480
31.12.2025;4;Rationalisierung Montage;Idee;Frau Dehmel;Lineartechnik;Produktion;Prozesse;2300;;;;7;35;1900
31.03.2026;4;Rationalisierung Montage;Idee;Frau Dehmel;Lineartechnik;Produktion;Prozesse;2300;;;;7;35;1900
30.06.2026;4;Rationalisierung Montage;Idee;Frau Dehmel;Lineartechnik;Produktion;Prozesse;2300;;;;7;35;1900
30.06.2025;5;Digitales Mahnwesen;Umsetzung;Herr Sieg;Zentral;Finanzen;Prozesse;60;-2;50;1;5;15;
30.09.2025;5;Digitales Mahnwesen;Umsetzung;Herr Sieg;Zentral;Finanzen;Prozesse;60;-4;75;1;5;15;
31.12.2025;5;Digitales Mahnwesen;erledigt;Herr Sieg;Zentral;Finanzen;Prozesse;60;-6;100;2;5;15;
31.03.2026;5;Digitales Mahnwesen;erledigt;Herr Sieg;Zentral;Finanzen;Prozesse;60;-6;100;2;5;15;
30.06.2026;5;Digitales Mahnwesen;erledigt;Herr Sieg;Zentral;Finanzen;Prozesse;60;-6;100;2;5;15;
30.09.2025;6;Online-Akquiseplattform;Idee;Frau Tamm;Service;Vertrieb;Kunden;1030;;;;8;66;820
31.12.2025;6;Online-Akquiseplattform;Planung;Frau Tamm;Service;Vertrieb;Kunden;1030;43;2;4;8;70;820
31.03.2026;6;Online-Akquiseplattform;Planung;Frau Tamm;Service;Vertrieb;Kunden;1030;74;4;7;8;74;820
30.06.2026;6;Online-Akquiseplattform;Planung;Frau Tamm;Service;Vertrieb;Kunden;1030;103;8;9;8;78;820
30.06.2025;7;CRM-Einführung;Umsetzung;Frau Konrad;Zentral;Vertrieb;Kunden;3600;99;18;2;4,5;48;900
30.09.2025;7;CRM-Einführung;Umsetzung;Frau Konrad;Zentral;Vertrieb;Kunden;3600;173;27;4;4,5;53;900
31.12.2025;7;CRM-Einführung;Umsetzung;Frau Konrad;Zentral;Vertrieb;Kunden;3600;239;36;5;4,5;58;900
31.03.2026;7;CRM-Einführung;Umsetzung;Frau Konrad;Zentral;Vertrieb;Kunden;3600;301;45;7;4,5;63;900
30.06.2026;7;CRM-Einführung;Umsetzung;Frau Konrad;Zentral;Vertrieb;Kunden;3600;360;54;8;4,5;68;900
30.06.2025;8;Ersatzteil-Webshop;Idee;Herr Schwerdt;Service;Vertrieb;Kunden;750;;;;6;40;610
30.09.2025;8;Ersatzteil-Webshop;Planung;Herr Schwerdt;Service;Vertrieb;Kunden;750;0;2;0;6;40;610
31.12.2025;8;Ersatzteil-Webshop;Planung;Herr Schwerdt;Service;Vertrieb;Kunden;750;0;2;0;6;40;610
31.03.2026;8;Ersatzteil-Webshop;Planung;Herr Schwerdt;Service;Vertrieb;Kunden;750;0;4;0;6;40;610
30.06.2026;8;Ersatzteil-Webshop;Planung;Herr Schwerdt;Service;Vertrieb;Kunden;750;0;6;0;6;40;610
30.06.2025;9;Produktlinie AT20;Idee;Frau Leicht;Antriebstechnik;F&E;Kunden;1150;;;;7,5;70;1400
30.09.2025;9;Produktlinie AT20;Planung;Frau Leicht;Antriebstechnik;F&E;Kunden;1150;19;2;1;7,5;67;1400
31.12.2025;9;Produktlinie AT20;Planung;Frau Leicht;Antriebstechnik;F&E;Kunden;1150;33;6;2;7,5;64;1400
31.03.2026;9;Produktlinie AT20;Planung;Frau Leicht;Antriebstechnik;F&E;Kunden;1150;46;14;2;7,5;61;1400
30.06.2026;9;Produktlinie AT20;Umsetzung;Frau Leicht;Antriebstechnik;F&E;Kunden;1150;58;22;3;7,5;58;1400
30.06.2025;10;Modularisierung GT1;Umsetzung;Herr Tal;Lineartechnik;F&E;Prozesse;5400;75;20;2;6,5;64;3800
30.09.2025;10;Modularisierung GT1;Umsetzung;Herr Tal;Lineartechnik;F&E;Prozesse;5400;130;31;3;6,5;66;3800
31.12.2025;10;Modularisierung GT1;Umsetzung;Herr Tal;Lineartechnik;F&E;Prozesse;5400;179;42;5;6,5;68;3800
31.03.2026;10;Modularisierung GT1;Umsetzung;Herr Tal;Lineartechnik;F&E;Prozesse;5400;226;53;6;6,5;70;3800
30.06.2026;10;Modularisierung GT1;Umsetzung;Herr Tal;Lineartechnik;F&E;Prozesse;5400;270;64;7;6,5;72;3800
30.06.2025;11;Digitaler Serviceprozess;Planung;Frau Schwarz;Service;IT;Prozesse;960;13;11;0;6;63;700
30.09.2025;11;Digitaler Serviceprozess;Umsetzung;Frau Schwarz;Service;IT;Prozesse;960;23;27;0;6;61;700
31.12.2025;11;Digitaler Serviceprozess;Umsetzung;Frau Schwarz;Service;IT;Prozesse;960;32;43;-1;6;59;700
31.03.2026;11;Digitaler Serviceprozess;Umsetzung;Frau Schwarz;Service;IT;Prozesse;960;40;59;-1;6;57;700
30.06.2026;11;Digitaler Serviceprozess;Umsetzung;Frau Schwarz;Service;IT;Prozesse;960;48;75;-1;6;55;700
30.06.2025;12;Prozessstandardisierung;Umsetzung;Herr Schön;Zentral;IT;Prozesse;800;66;14;1;5,5;40;450
30.09.2025;12;Prozessstandardisierung;Umsetzung;Herr Schön;Zentral;IT;Prozesse;800;115;21;2;5,5;43;450
31.12.2025;12;Prozessstandardisierung;Umsetzung;Herr Schön;Zentral;IT;Prozesse;800;159;28;3;5,5;46;450
31.03.2026;12;Prozessstandardisierung;Umsetzung;Herr Schön;Zentral;IT;Prozesse;800;201;35;4;5,5;49;450
30.06.2026;12;Prozessstandardisierung;Umsetzung;Herr Schön;Zentral;IT;Prozesse;800;240;42;5;5,5;52;450
30.06.2025;13;Fixkosten Altanlagen;Umsetzung;Frau Zepper;Lineartechnik;Produktion;Finanzen;1600;-11;39;0;8;16;2100
30.09.2025;13;Fixkosten Altanlagen;Umsetzung;Frau Zepper;Lineartechnik;Produktion;Finanzen;1600;-19;52;0;8;15;2100
31.12.2025;13;Fixkosten Altanlagen;Umsetzung;Frau Zepper;Lineartechnik;Produktion;Finanzen;1600;-27;65;-1;8;14;2100
31.03.2026;13;Fixkosten Altanlagen;Umsetzung;Frau Zepper;Lineartechnik;Produktion;Finanzen;1600;-33;78;-1;8;13;2100
30.06.2026;13;Fixkosten Altanlagen;Umsetzung;Frau Zepper;Lineartechnik;Produktion;Finanzen;1600;-40;91;-1;8;12;2100
30.06.2025;14;Projektmanagement-Office;Planung;Herr Schröder;Zentral;Finanzen;Lernen und Entwicklung;120;3;15;4;4;52;
30.09.2025;14;Projektmanagement-Office;Umsetzung;Herr Schröder;Zentral;Finanzen;Lernen und Entwicklung;120;6;29;7;4;55;
31.12.2025;14;Projektmanagement-Office;Umsetzung;Herr Schröder;Zentral;Finanzen;Lernen und Entwicklung;120;8;41;9;4;58;
31.03.2026;14;Projektmanagement-Office;Umsetzung;Herr Schröder;Zentral;Finanzen;Lernen und Entwicklung;120;10;53;12;4;61;
30.06.2026;14;Projektmanagement-Office;Umsetzung;Herr Schröder;Zentral;Finanzen;Lernen und Entwicklung;120;12;65;14;4;64;
30.09.2025;15;Recruiting Fachkräfte;Planung;Frau Koslowski;Zentral;Personal;Lernen und Entwicklung;80;3;2;0;7;35;
31.12.2025;15;Recruiting Fachkräfte;Planung;Frau Koslowski;Zentral;Personal;Lernen und Entwicklung;80;5;4;0;7;35;
31.03.2026;15;Recruiting Fachkräfte;Planung;Frau Koslowski;Zentral;Personal;Lernen und Entwicklung;80;6;7;0;7;35;
30.06.2026;15;Recruiting Fachkräfte;Planung;Frau Koslowski;Zentral;Personal;Lernen und Entwicklung;80;8;10;0;7;35;
30.06.2025;16;Gebäudesanierung Werk 2;Idee;Herr Schubert;Lineartechnik;Produktion;Finanzen;360;;;;3;40;
30.09.2025;16;Gebäudesanierung Werk 2;Idee;Herr Schubert;Lineartechnik;Produktion;Finanzen;360;;;;3;40;
31.12.2025;16;Gebäudesanierung Werk 2;Planung;Herr Schubert;Lineartechnik;Produktion;Finanzen;360;-30;2;2;3;40;
31.03.2026;16;Gebäudesanierung Werk 2;Planung;Herr Schubert;Lineartechnik;Produktion;Finanzen;360;-52;3;4;3;40;
30.06.2026;16;Gebäudesanierung Werk 2;Planung;Herr Schubert;Lineartechnik;Produktion;Finanzen;360;-72;5;6;3;40;
31.03.2026;17;Energiesparende Anlagen;Idee;Frau Lotz;Lineartechnik;Produktion;Finanzen;1060;;;;3;30;900
30.06.2026;17;Energiesparende Anlagen;Idee;Frau Lotz;Lineartechnik;Produktion;Finanzen;1060;;;;3;30;900
30.06.2025;18;Führungskräfteentwicklung;Idee;Frau Morgen;Zentral;Personal;Lernen und Entwicklung;263;;;;8;25;
30.09.2025;18;Führungskräfteentwicklung;Planung;Frau Morgen;Zentral;Personal;Lernen und Entwicklung;263;9;2;0;8;25;
31.12.2025;18;Führungskräfteentwicklung;Planung;Frau Morgen;Zentral;Personal;Lernen und Entwicklung;263;15;2;-1;8;25;
31.03.2026;18;Führungskräfteentwicklung;Umsetzung;Frau Morgen;Zentral;Personal;Lernen und Entwicklung;263;21;7;-1;8;25;
30.06.2026;18;Führungskräfteentwicklung;Umsetzung;Frau Morgen;Zentral;Personal;Lernen und Entwicklung;263;26;15;-1;8;25;
30.06.2026;19;Produktlinie AT40;Idee;Herr West;Antriebstechnik;F&E;Kunden;2300;;;;3;70;1200