Region;Produktgruppe;Kaufgrund;Jahr;Umsatz_EUR
Deutschland;City Bike;Preis;2024;931700
Deutschland;City Bike;Preis;2025;924500
Deutschland;City Bike;Qualität;2024;469100
Deutschland;City Bike;Qualität;2025;510700
Deutschland;City Bike;Marke;2024;242700
Deutschland;City Bike;Marke;2025;257600
Deutschland;City Bike;Aktion;2024;462900
Deutschland;City Bike;Aktion;2025;471900
Deutschland;City Bike;Testbericht;2024;167600
Deutschland;City Bike;Testbericht;2025;177700
Deutschland;Mountain Bike;Preis;2024;326700
Deutschland;Mountain Bike;Preis;2025;342500
Deutschland;Mountain Bike;Qualität;2024;550900
Deutschland;Mountain Bike;Qualität;2025;555100
Deutschland;Mountain Bike;Marke;2024;300900
Deutschland;Mountain Bike;Marke;2025;321900
Deutschland;Mountain Bike;Aktion;2024;170800
Deutschland;Mountain Bike;Aktion;2025;180600
Deutschland;Mountain Bike;Testbericht;2024;212000
Deutschland;Mountain Bike;Testbericht;2025;207800
Deutschland;Racing Bike;Preis;2024;191400
Deutschland;Racing Bike;Preis;2025;209900
Deutschland;Racing Bike;Qualität;2024;420500
Deutschland;Racing Bike;Qualität;2025;448200
Deutschland;Racing Bike;Marke;2024;462600
Deutschland;Racing Bike;Marke;2025;467800
Deutschland;Racing Bike;Aktion;2024;81900
Deutschland;Racing Bike;Aktion;2025;82700
Deutschland;Racing Bike;Testbericht;2024;178400
Deutschland;Racing Bike;Testbericht;2025;193200
Deutschland;Trekking Bike;Preis;2024;573100
Deutschland;Trekking Bike;Preis;2025;600300
Deutschland;Trekking Bike;Qualität;2024;807300
Deutschland;Trekking Bike;Qualität;2025;857100
Deutschland;Trekking Bike;Marke;2024;277100
Deutschland;Trekking Bike;Marke;2025;300500
Deutschland;Trekking Bike;Aktion;2024;287300
Deutschland;Trekking Bike;Aktion;2025;282900
Deutschland;Trekking Bike;Testbericht;2024;265000
Deutschland;Trekking Bike;Testbericht;2025;262300
Frankreich;City Bike;Preis;2024;448200
Frankreich;City Bike;Preis;2025;464100
Frankreich;City Bike;Qualität;2024;166300
Frankreich;City Bike;Qualität;2025;176400
Frankreich;City Bike;Marke;2024;94100
Frankreich;City Bike;Marke;2025;99500
Frankreich;City Bike;Aktion;2024;176700
Frankreich;City Bike;Aktion;2025;198900
Frankreich;City Bike;Testbericht;2024;74700
Frankreich;City Bike;Testbericht;2025;79000
Frankreich;Mountain Bike;Preis;2024;184100
Frankreich;Mountain Bike;Preis;2025;190900
Frankreich;Mountain Bike;Qualität;2024;295700
Frankreich;Mountain Bike;Qualität;2025;321600
Frankreich;Mountain Bike;Marke;2024;205500
Frankreich;Mountain Bike;Marke;2025;219700
Frankreich;Mountain Bike;Aktion;2024;105800
Frankreich;Mountain Bike;Aktion;2025;111100
Frankreich;Mountain Bike;Testbericht;2024;119700
Frankreich;Mountain Bike;Testbericht;2025;130000
Frankreich;Racing Bike;Preis;2024;244200
Frankreich;Racing Bike;Preis;2025;256200
Frankreich;Racing Bike;Qualität;2024;504100
Frankreich;Racing Bike;Qualität;2025;565400
Frankreich;Racing Bike;Marke;2024;518900
Frankreich;Racing Bike;Marke;2025;566100
Frankreich;Racing Bike;Aktion;2024;95100
Frankreich;Racing Bike;Aktion;2025;107700
Frankreich;Racing Bike;Testbericht;2024;248200
Frankreich;Racing Bike;Testbericht;2025;268000
Frankreich;Trekking Bike;Preis;2024;249300
Frankreich;Trekking Bike;Preis;2025;283000
Frankreich;Trekking Bike;Qualität;2024;381600
Frankreich;Trekking Bike;Qualität;2025;395700
Frankreich;Trekking Bike;Marke;2024;120300
Frankreich;Trekking Bike;Marke;2025;136500
Frankreich;Trekking Bike;Aktion;2024;132500
Frankreich;Trekking Bike;Aktion;2025;136900
Frankreich;Trekking Bike;Testbericht;2024;111900
Frankreich;Trekking Bike;Testbericht;2025;116400
Niederlande;City Bike;Preis;2024;611800
Niederlande;City Bike;Preis;2025;614500
Niederlande;City Bike;Qualität;2024;364100
Niederlande;City Bike;Qualität;2025;345300
Niederlande;City Bike;Marke;2024;167100
Niederlande;City Bike;Marke;2025;169500
Niederlande;City Bike;Aktion;2024;377100
Niederlande;City Bike;Aktion;2025;343200
Niederlande;City Bike;Testbericht;2024;121600
Niederlande;City Bike;Testbericht;2025;123200
Niederlande;Mountain Bike;Preis;2024;39200
Niederlande;Mountain Bike;Preis;2025;39300
Niederlande;Mountain Bike;Qualität;2024;70200
Niederlande;Mountain Bike;Qualität;2025;69600
Niederlande;Mountain Bike;Marke;2024;42100
Niederlande;Mountain Bike;Marke;2025;38900
Niederlande;Mountain Bike;Aktion;2024;17900
Niederlande;Mountain Bike;Aktion;2025;17600
Niederlande;Mountain Bike;Testbericht;2024;31500
Niederlande;Mountain Bike;Testbericht;2025;30600
Niederlande;Racing Bike;Preis;2024;66600
Niederlande;Racing Bike;Preis;2025;61600
Niederlande;Racing Bike;Qualität;2024;118700
Niederlande;Racing Bike;Qualität;2025;117000
Niederlande;Racing Bike;Marke;2024;147500
Niederlande;Racing Bike;Marke;2025;135700
Niederlande;Racing Bike;Aktion;2024;24700
Niederlande;Racing Bike;Aktion;2025;24800
Niederlande;Racing Bike;Testbericht;2024;56000
Niederlande;Racing Bike;Testbericht;2025;55400
Niederlande;Trekking Bike;Preis;2024;292800
Niederlande;Trekking Bike;Preis;2025;269800
Niederlande;Trekking Bike;Qualität;2024;297600
Niederlande;Trekking Bike;Qualität;2025;305100
Niederlande;Trekking Bike;Marke;2024;143700
Niederlande;Trekking Bike;Marke;2025;131000
Niederlande;Trekking Bike;Aktion;2024;157400
Niederlande;Trekking Bike;Aktion;2025;147000
Niederlande;Trekking Bike;Testbericht;2024;108900
Niederlande;Trekking Bike;Testbericht;2025;103300
Österreich;City Bike;Preis;2024;99700
Österreich;City Bike;Preis;2025;116200
Österreich;City Bike;Qualität;2024;50600
Österreich;City Bike;Qualität;2025;59700
Österreich;City Bike;Marke;2024;30200
Österreich;City Bike;Marke;2025;32900
Österreich;City Bike;Aktion;2024;54400
Österreich;City Bike;Aktion;2025;59400
Österreich;City Bike;Testbericht;2024;21100
Österreich;City Bike;Testbericht;2025;24000
Österreich;Mountain Bike;Preis;2024;203600
Österreich;Mountain Bike;Preis;2025;237800
Österreich;Mountain Bike;Qualität;2024;313500
Österreich;Mountain Bike;Qualität;2025;360300
Österreich;Mountain Bike;Marke;2024;161200
Österreich;Mountain Bike;Marke;2025;181100
Österreich;Mountain Bike;Aktion;2024;88400
Österreich;Mountain Bike;Aktion;2025;98000
Österreich;Mountain Bike;Testbericht;2024;107000
Österreich;Mountain Bike;Testbericht;2025;120300
Österreich;Racing Bike;Preis;2024;52100
Österreich;Racing Bike;Preis;2025;58000
Österreich;Racing Bike;Qualität;2024;111100
Österreich;Racing Bike;Qualität;2025;119100
Österreich;Racing Bike;Marke;2024;95600
Österreich;Racing Bike;Marke;2025;111400
Österreich;Racing Bike;Aktion;2024;18200
Österreich;Racing Bike;Aktion;2025;20900
Österreich;Racing Bike;Testbericht;2024;51600
Österreich;Racing Bike;Testbericht;2025;55800
Österreich;Trekking Bike;Preis;2024;125300
Österreich;Trekking Bike;Preis;2025;136100
Österreich;Trekking Bike;Qualität;2024;145200
Österreich;Trekking Bike;Qualität;2025;168400
Österreich;Trekking Bike;Marke;2024;55800
Österreich;Trekking Bike;Marke;2025;60100
Österreich;Trekking Bike;Aktion;2024;72800
Österreich;Trekking Bike;Aktion;2025;79500
Österreich;Trekking Bike;Testbericht;2024;42900
Österreich;Trekking Bike;Testbericht;2025;50600
