Produkt;Monat_Nr;Monat;Absatz_Stueck
Rahmen/Gabel;1;Jan;503
Rahmen/Gabel;2;Feb;543
Rahmen/Gabel;3;Mär;402
Rahmen/Gabel;4;Apr;605
Rahmen/Gabel;5;Mai;157
Rahmen/Gabel;6;Jun;837
Rahmen/Gabel;7;Jul;817
Rahmen/Gabel;8;Aug;796
Rahmen/Gabel;9;Sep;235
Rahmen/Gabel;10;Okt;714
Rahmen/Gabel;11;Nov;434
Rahmen/Gabel;12;Dez;15
Laufräder h.;1;Jan;630
Laufräder h.;2;Feb;214
Laufräder h.;3;Mär;945
Laufräder h.;4;Apr;593
Laufräder h.;5;Mai;203
Laufräder h.;6;Jun;833
Laufräder h.;7;Jul;906
Laufräder h.;8;Aug;510
Laufräder h.;9;Sep;698
Laufräder h.;10;Okt;908
Laufräder h.;11;Nov;232
Laufräder h.;12;Dez;740
Laufräder v.;1;Jan;470
Laufräder v.;2;Feb;729
Laufräder v.;3;Mär;810
Laufräder v.;4;Apr;287
Laufräder v.;5;Mai;100
Laufräder v.;6;Jun;294
Laufräder v.;7;Jul;821
Laufräder v.;8;Aug;722
Laufräder v.;9;Sep;725
Laufräder v.;10;Okt;996
Laufräder v.;11;Nov;162
Laufräder v.;12;Dez;444
Tretlager;1;Jan;748
Tretlager;2;Feb;998
Tretlager;3;Mär;410
Tretlager;4;Apr;225
Tretlager;5;Mai;802
Tretlager;6;Jun;980
Tretlager;7;Jul;338
Tretlager;8;Aug;99
Tretlager;9;Sep;996
Tretlager;10;Okt;158
Tretlager;11;Nov;934
Tretlager;12;Dez;48
Lenker;1;Jan;556
Lenker;2;Feb;372
Lenker;3;Mär;500
Lenker;4;Apr;546
Lenker;5;Mai;35
Lenker;6;Jun;178
Lenker;7;Jul;738
Lenker;8;Aug;414
Lenker;9;Sep;917
Lenker;10;Okt;127
Lenker;11;Nov;773
Lenker;12;Dez;737
